genre,name,number_review,sold_number
"trái cây,Sách Tôn Giáo - Tâm Linh",Muôn Kiếp Nhân Sinh 2,(Xem 3678 đánh giá),Đã bán 1000+
"trái cây,Sách kỹ năng sống","Cân Bằng Cảm Xúc, Cả Lúc Bão Giông",(Xem 3586 đánh giá),Đã bán 1000+
"trái cây,Máy Tính Điện Tử",Máy Tính Khoa Học Casio FX-580VN X,(Xem 4653 đánh giá),Đã bán 1000+
"trái cây,Sách văn học",Cây Cam Ngọt Của Tôi,(Xem 2469 đánh giá),Đã bán 1000+
"trái cây,Sách kỹ năng sống",Rèn Luyện Tư Duy Phản Biện,(Xem 1098 đánh giá),Đã bán 1000+
"trái cây,Sách kỹ năng sống",How Psychology Works - Hiểu Hết Về Tâm Lý Học,(Xem 284 đánh giá),Đã bán 1000+
"trái cây,Sách Tôn Giáo - Tâm Linh",Muôn Kiếp Nhân Sinh (Many Lives - Many Times),(Xem 3799 đánh giá),Đã bán 1000+
"trái cây,Sách kỹ năng sống",Đời Ngắn Đừng Ngủ Dài (Tái Bản),,Đã bán 2
"trái cây,Sách kỹ năng sống",Thay Đổi Cuộc Sống Với Nhân Số Học,(Xem 2664 đánh giá),Đã bán 1000+
"trái cây,Sách kỹ năng sống","Nóng Giận Là Bản Năng , Tĩnh Lặng Là Bản Lĩnh",(Xem 4126 đánh giá),Đã bán 1000+
"trái cây,Sách thiếu nhi ",Combo Bộ 10 Cuốn - Nhật Ký Trưởng Thành Của Đứa Trẻ Ngoan (Hộp),(Xem 631 đánh giá),Đã bán 1000+
"trái cây,Sách Học Ngoại Ngữ",Giải Thích Ngữ Pháp Tiếng Anh (Tái Bản 2020),(Xem 1990 đánh giá),Đã bán 1000+
"trái cây,Sách văn học",Kiếp Nào Ta Cũng Tìm Thấy Nhau,(Xem 1758 đánh giá),Đã bán 1000+
"trái cây,Sách kỹ năng sống",Đọc Vị Bất Kỳ Ai (Tái Bản 2019),(Xem 1695 đánh giá),Đã bán 1000+
"trái cây,Sách kỹ năng sống",Đắc Nhân Tâm (Khổ Lớn),(Xem 3 đánh giá),Đã bán 23
"trái cây,Sách kinh tế",Dạy Con Làm Giàu (Tập 1) - Để Không Có Tiền Vẫn Tạo Ra Tiền - Cha Giàu Cha Nghèo (Tái Bản),(Xem 1823 đánh giá),Đã bán 1000+
"trái cây,Sách văn học",Nhà Giả Kim,(Xem 10 đánh giá),Đã bán 94
"trái cây,Sách văn học",Một Cuốn Sách Buồn… Cười - Vui Vẻ Không Quạu Nha 2,(Xem 91 đánh giá),Đã bán 399
"trái cây,Sách kỹ năng sống",Đàn Ông Sao Hỏa Đàn Bà Sao Kim,(Xem 2531 đánh giá),Đã bán 1000+
"trái cây,Sách Kiến Thức Tổng Hợp",Chủ Nghĩa Khắc Kỷ - Phong Cách Sống Bản Lĩnh Và Bình Thản,(Xem 1626 đánh giá),Đã bán 1000+
"trái cây,Sách kỹ năng sống",Tony Buổi Sáng - Trên Đường Băng (Tái Bản 2017),(Xem 2755 đánh giá),Đã bán 1000+
"trái cây,Sách kinh tế",Đừng Làm Việc Chăm Chỉ Hãy Làm Việc Thông Minh,(Xem 1189 đánh giá),Đã bán 1000+
"trái cây,Sách Giáo Khoa - Giáo Trình",Sách Giáo Khoa Bộ Lớp 12 - Sách Bài Học (Bộ 14 Cuốn) (2021),(Xem 564 đánh giá),Đã bán 1000+
"trái cây,Sách văn học",Nhà Giả Kim (Tái Bản 2020),(Xem 1732 đánh giá),Đã bán 1000+
"trái cây,Sách Tôn Giáo - Tâm Linh",Muôn Kiếp Nhân Sinh (Khổ Nhỏ),(Xem 1749 đánh giá),Đã bán 1000+
"trái cây,Sách kinh tế",Nhà Đầu Tư Thông Minh (Tái Bản 2020),(Xem 1331 đánh giá),Đã bán 1000+
"trái cây,Sách văn học",Vui Vẻ Không Quạu Nha - Tản Văn,(Xem 4471 đánh giá),Đã bán 1000+
"trái cây,Sách văn học",Hai Số Phận (Bìa Cứng),(Xem 2400 đánh giá),Đã bán 1000+
"trái cây,Sách văn học","Chúng Ta Rồi Sẽ Hạnh Phúc, Theo Những Cách Khác Nhau [Tặng Kèm: 01 Bookmark]",(Xem 661 đánh giá),Đã bán 1000+
"trái cây,Sách văn học",Con Chim Xanh Biếc Bay Về (Nguyễn Nhật Ánh) (Bìa Mềm),(Xem 3421 đánh giá),Đã bán 1000+
"trái cây,Sách văn học",Những Giấc Mơ Ở Hiệu Sách Morisaki,(Xem 1366 đánh giá),Đã bán 1000+
"trái cây,Sách Tôn Giáo - Tâm Linh",Combo 2 Cuốn: Muôn Kiếp Nhân Sinh + Muôn Kiếp Nhân Sinh 2 (Bìa Mềm),(Xem 205 đánh giá),Đã bán 912
"trái cây,Sách Thường Thức - Gia Đình",Bye Béo - Cách giảm 7kg trong 30 ngày,(Xem 210 đánh giá),Đã bán 923
"trái cây,Sách kỹ năng sống",Tuổi Trẻ Đáng Giá Bao Nhiêu (Tái Bản),(Xem 2232 đánh giá),Đã bán 1000+
"trái cây,Sách văn học",Tâm An Ắt Bình An ,(Xem 442 đánh giá),Đã bán 1000+
"trái cây,Sách Tham Khảo",Sách Giáo Khoa Bộ Lớp 11 - Sách Bài Học (Bộ 14 Cuốn) (2021),(Xem 458 đánh giá),Đã bán 1000+
"trái cây,Sách kinh tế",Nhà Lãnh Đạo Không Chức Danh,(Xem 1642 đánh giá),Đã bán 1000+
"trái cây,Sách văn học",Yêu Những Điều Không Hoàn Hảo,(Xem 1582 đánh giá),Đã bán 1000+
"trái cây,Sách văn học",Bố Già (Mario Puzo),(Xem 1438 đánh giá),Đã bán 1000+
"trái cây,Sách kỹ năng sống",Bạn Đắt Giá Bao Nhiêu?,(Xem 2994 đánh giá),Đã bán 1000+
"trái cây,Sách kỹ năng sống",OSHO - Yêu - Being In Love,(Xem 867 đánh giá),Đã bán 1000+
"trái cây,Sách kinh tế",Người Giàu Có Nhất Thành Babylon (Tái Bản 2020),(Xem 1003 đánh giá),Đã bán 1000+
"trái cây,Sách kinh tế",Bộ sách Làm Giàu Từ Chứng Khoán (How To Make Money In Stock) phiên bản mới + Hướng Dẫn Thực Hành CANSLIM Cho Người Mới Bắt Đầu,(Xem 1047 đánh giá),Đã bán 1000+
"trái cây,Sách kỹ năng sống","Càng Kỷ Luật, Càng Tự Do",(Xem 1489 đánh giá),Đã bán 1000+
"trái cây,Sách kinh tế",Payback Time - Ngày Đòi Nợ,(Xem 2364 đánh giá),Đã bán 1000+
"trái cây,Sách Kiến Thức Tổng Hợp",Những Tù Nhân Của Địa Lý,(Xem 885 đánh giá),Đã bán 1000+
"trái cây,Sách kỹ năng sống",Đắc Nhân Tâm (Bìa Cứng) - Tái Bản,(Xem 102 đánh giá),Đã bán 462
"trái cây,Sách văn học","Có Một Ngày, Bố Mẹ Sẽ Già Đi",(Xem 104 đánh giá),Đã bán 411
